{
 "_about": "RYE meterless-procurement baked data. LIVE = metered_shapes (validation), end_use_library + menu_to_equipment (agent menu path). REFERENCE = provenance only.",
 "metered_shapes": {
  "qsr": {
   "weekday": [
    0.00386,
    0.00372,
    0.00359,
    0.00361,
    0.00358,
    0.00358,
    0.00351,
    0.00403,
    0.00384,
    0.00386,
    0.00402,
    0.00375,
    0.00373,
    0.00354,
    0.00495,
    0.01987,
    0.02425,
    0.02944,
    0.03605,
    0.03302,
    0.02457,
    0.02512,
    0.02816,
    0.04042,
    0.04317,
    0.043,
    0.03768,
    0.03571,
    0.03756,
    0.0355,
    0.03397,
    0.0348,
    0.03417,
    0.03363,
    0.03336,
    0.03515,
    0.03548,
    0.03485,
    0.03417,
    0.02802,
    0.02576,
    0.02296,
    0.0208,
    0.01436,
    0.00982,
    0.00789,
    0.00539,
    0.00468
   ],
   "weekend": [
    0.00438,
    0.00388,
    0.00388,
    0.00391,
    0.00391,
    0.00398,
    0.00385,
    0.00412,
    0.00398,
    0.00391,
    0.00395,
    0.00378,
    0.00375,
    0.00395,
    0.00559,
    0.01857,
    0.02603,
    0.03219,
    0.03369,
    0.03071,
    0.02375,
    0.02406,
    0.0272,
    0.03389,
    0.03935,
    0.04266,
    0.03884,
    0.03928,
    0.03941,
    0.04008,
    0.03757,
    0.03868,
    0.03506,
    0.03245,
    0.03212,
    0.03259,
    0.03312,
    0.03285,
    0.03095,
    0.02897,
    0.02633,
    0.02402,
    0.02191,
    0.01449,
    0.00893,
    0.0077,
    0.00686,
    0.00485
   ],
   "metrics": {
    "daily_kwh": 150.2,
    "annual_kwh_naive": 54808.0,
    "baseload_kw": 1.09,
    "peak_kw": 12.88,
    "peak_time": "12:30",
    "load_factor": 0.49,
    "night_share_pct": 6.4,
    "redband_share_pct": 20.7,
    "weekend_ratio": 0.99
   },
   "provenance": "REAL metered half-hourly data \u2014 used for VALIDATION only"
  },
  "bakery": {
   "weekday": [
    0.00578,
    0.00722,
    0.00561,
    0.006,
    0.00553,
    0.04314,
    0.03709,
    0.0397,
    0.0201,
    0.03578,
    0.04744,
    0.04505,
    0.03937,
    0.0378,
    0.03691,
    0.04514,
    0.04209,
    0.03724,
    0.0341,
    0.03212,
    0.02997,
    0.02612,
    0.02903,
    0.0238,
    0.02226,
    0.01814,
    0.02008,
    0.02356,
    0.02115,
    0.02022,
    0.02034,
    0.01593,
    0.01188,
    0.01109,
    0.00968,
    0.00898,
    0.00865,
    0.00853,
    0.00848,
    0.0069,
    0.00762,
    0.00697,
    0.0068,
    0.00612,
    0.00643,
    0.00614,
    0.00615,
    0.0058
   ],
   "weekend": [
    0.00496,
    0.00634,
    0.00583,
    0.00479,
    0.00455,
    0.05365,
    0.04572,
    0.04602,
    0.02147,
    0.03018,
    0.04689,
    0.04674,
    0.04445,
    0.04966,
    0.04463,
    0.03997,
    0.0424,
    0.03635,
    0.03198,
    0.02911,
    0.02647,
    0.02414,
    0.02513,
    0.02301,
    0.02356,
    0.02012,
    0.01692,
    0.01731,
    0.01883,
    0.01819,
    0.01834,
    0.01565,
    0.01148,
    0.01046,
    0.00952,
    0.00866,
    0.0082,
    0.00773,
    0.00778,
    0.00638,
    0.00712,
    0.0061,
    0.00578,
    0.00592,
    0.00568,
    0.00513,
    0.00547,
    0.00526
   ],
   "metrics": {
    "daily_kwh": 117.0,
    "annual_kwh_naive": 42702.0,
    "baseload_kw": 1.21,
    "peak_kw": 11.05,
    "peak_time": "05:00",
    "load_factor": 0.44,
    "night_share_pct": 40.0,
    "redband_share_pct": 5.9,
    "weekend_ratio": 1.24
   },
   "provenance": "REAL metered half-hourly data \u2014 used for VALIDATION only"
  }
 },
 "end_use_library": {
  "refrigeration": {
   "kw": 0.8,
   "note": "largest kitchen load ~41%, runs 24/7",
   "src": "Oxford IJLCT / Power Knot"
  },
  "fryer": {
   "kw": 3.2,
   "note": "meal-prep spikes",
   "src": "ENERGY STAR / CooksDirect (3.2-4.5 kW)"
  },
  "grill": {
   "kw": 6.4,
   "note": "meal-prep spikes",
   "src": "ENERGY STAR (6.4-8 kW griddle)"
  },
  "combi_oven": {
   "kw": 2.2,
   "note": "meal prep",
   "src": "ENERGY STAR (2.2-3.5 kW)"
  },
  "deck_oven": {
   "kw": 18.0,
   "note": "pre-dawn baking",
   "src": "Bakeit/UNOX (15-20 kW small bakery)"
  },
  "proofer": {
   "kw": 2.0,
   "note": "proving before bake",
   "src": "British Baker"
  },
  "hvac": {
   "kw": 5.0,
   "note": "tracks occupancy, 30-40% of restaurant energy",
   "src": "Oxford IJLCT"
  },
  "lighting": {
   "kw": 1.5,
   "note": "open hours + darkness",
   "src": "general"
  },
  "it": {
   "kw": 0.5,
   "note": "standby + daytime",
   "src": "general"
  }
 },
 "menu_to_equipment": {
  "fried_food": [
   "fryer",
   "refrigeration"
  ],
  "grilled_food": [
   "grill",
   "refrigeration"
  ],
  "baked_savoury": [
   "combi_oven",
   "refrigeration"
  ],
  "bread_pastry": [
   "deck_oven",
   "proofer",
   "refrigeration"
  ],
  "chilled_display": [
   "refrigeration"
  ]
 },
 "reference": {
  "elexon_profile_classes": {
   "PC3": "Non-domestic single rate",
   "PC4": "Non-domestic Economy-7",
   "PC5-8": "Non-domestic Maximum Demand (by load factor)",
   "src": "Elexon BSC \u2014 Load Profiles & their use in Electricity Settlement",
   "insight": "generic PC3 is anti-correlated with a real bakery (~-0.06); our equipment method differentiates sectors PC3 cannot."
  },
  "epc_floor_bands": {
   "small_commercial_m2": "<=150",
   "medium_m2": "<=500 (public-display threshold)",
   "src": "EPC / gov.uk size bands; per-site lookup via EPC register in production",
   "note": "~90% of commercial premises are EPC Level 3"
  },
  "note": "Reference only. Sector presets + intensities live in synth.py (published benchmarks). The CSVs are validation, never engine inputs."
 }
}